scenario,stage,name,cost,views,missed,unnecessary,calibration,distance,branch_expansions,proxy_pairs,bound_checks,root_ms
ambiguous,0,Coverage,10.306522845130132,2.0,0.058498439714207984,0.001129248566690267,0.0,5.645751311064592,0,0,0,0.043999869376420975
ambiguous,1,Uncertainty,10.435495822964748,2.0,0.05895921436707239,0.001127755733203396,0.0,6.260023726232596,12,0,0,0.22609997540712357
ambiguous,2,Decision value,9.459436634127423,1.310252686314128,0.05895921436707239,0.0011277557332033932,0.0,2.511951722060573,12,0,0,0.23459992371499538
ambiguous,3,Snapshot memory,9.459436634127423,1.310252686314128,0.05895921436707239,0.0011277557332033932,0.0,2.511951722060573,12,0,0,0.2302001230418682
ambiguous,4,Temporal memory,9.459436634127423,1.310252686314128,0.05895921436707239,0.0011277557332033932,0.0,2.511951722060573,12,0,0,0.2235998399555683
ambiguous,5,Joint memory,9.459436634127423,1.310252686314128,0.05895921436707239,0.0011277557332033932,0.0,2.511951722060573,12,0,0,0.2204999327659607
ambiguous,6,Complementary NBV,9.459436634127423,1.310252686314128,0.05895921436707239,0.0011277557332033932,0.0,2.511951722060573,408,0,0,7.090800208970904
ambiguous,7,Sparse pair graph,9.459436634127423,1.310252686314128,0.05895921436707239,0.0011277557332033932,0.0,2.511951722060573,36,66,372,2.54100002348423
correlated,0,Coverage,10.37394831951999,2.0,0.05911838556515724,0.0020207388823861197,0.0020494008770898017,5.645751311064591,0,0,0,0.030300114303827286
correlated,1,Uncertainty,10.36386976152134,2.0,0.06003972460230344,0.0020207408949327607,7.9141105227071e-07,5.087179836256056,12,0,0,0.20130001939833164
correlated,2,Decision value,9.826432730983022,1.6202118146844295,0.06003972460230344,0.0020207408949327633,4.507712482523644e-05,3.023419040596225,12,0,0,0.25509996339678764
correlated,3,Snapshot memory,9.826432730983022,1.6202118146844295,0.06003972460230344,0.0020207408949327633,0.00018756811102028792,3.023419040596225,12,0,0,0.2389000728726387
correlated,4,Temporal memory,9.826432730983022,1.6202118146844295,0.06003972460230344,0.0020207408949327633,0.00018756811102028792,3.023419040596225,12,0,0,0.22840010933578014
correlated,5,Joint memory,9.306442739308673,1.027235191032029,0.057908552683373846,6.735004965799624e-09,0.0,3.3347818354629952,12,0,0,0.24770013988018036
correlated,6,Complementary NBV,9.306442739308673,1.027235191032029,0.057908552683373846,6.735004965799624e-09,0.0,3.3347818354629952,408,0,0,7.0136000867933035
correlated,7,Sparse pair graph,9.306442739308673,1.027235191032029,0.057908552683373846,6.735004965799624e-09,0.0,3.3347818354629952,36,66,372,2.3401000071316957
aging,0,Coverage,10.321367186926086,1.9999999999999998,0.026856786975397423,0.004175126147838726,6.169224886100604e-05,5.645751311064592,0,0,0,0.030399998649954796
aging,1,Uncertainty,10.458869017076411,1.9999999999999998,0.026754026708917463,0.006854215607514903,0.00011813402718679476,6.260023726232596,12,0,0,0.20030001178383827
aging,2,Decision value,9.482809828239084,1.310252686314128,0.02675402670891746,0.006854215607514918,0.00011191357458579145,2.5119517220605725,12,0,0,0.23019989021122456
aging,3,Snapshot memory,30.212295046389137,0.0,0.30212295046389137,0.0,0.05410351352633168,0.0,12,0,0,0.2272999845445156
aging,4,Temporal memory,9.482809828239084,1.310252686314128,0.02675402670891746,0.006854215607514918,3.4245896380370474e-33,2.5119517220605725,12,0,0,0.22109993733465672
aging,5,Joint memory,9.482809828239084,1.310252686314128,0.02675402670891746,0.006854215607514918,0.0,2.5119517220605725,12,0,0,0.2204999327659607
aging,6,Complementary NBV,9.482809828239084,1.310252686314128,0.02675402670891746,0.006854215607514918,0.0,2.5119517220605725,408,0,0,7.320899982005358
aging,7,Sparse pair graph,9.482809828239084,1.310252686314128,0.02675402670891746,0.006854215607514918,0.0,2.5119517220605725,36,66,372,2.7608999516814947
artifact,0,Coverage,8.717786211996648,2.0,0.05162290937721044,0.010105728121294373,0.00041646222135759375,5.645751311064592,0,0,0,0.030199997127056122
artifact,1,Uncertainty,8.762881205699856,2.0,0.05123000633685361,0.016750043689784763,0.0016302980992335047,5.2700241481442145,12,0,0,0.20870007574558258
artifact,2,Decision value,8.157063747554343,1.5718897284931852,0.05123000633685361,0.016750043689784774,0.0007316106082972952,2.943682179868066,12,0,0,0.24279998615384102
artifact,3,Snapshot memory,11.694881013671187,0.0,0.11694881013671188,0.0,0.0026213181044800484,0.0,12,0,0,0.2327000256627798
artifact,4,Temporal memory,7.722732579683949,1.0,0.05551519383525503,0.0021270435064654645,9.386745280457722e-06,2.0,12,0,0,0.22920011542737484
artifact,5,Joint memory,7.722732579683949,1.0,0.05551519383525503,0.0021270435064654645,0.0,2.0,12,0,0,0.22950000129640102
artifact,6,Complementary NBV,7.722732579683949,1.0,0.05551519383525503,0.0021270435064654645,0.0,2.0,408,0,0,7.184900110587478
artifact,7,Sparse pair graph,7.722732579683949,1.0,0.05551519383525503,0.0021270435064654645,0.0,2.0,36,66,372,3.0332000460475683
tight,0,Coverage,13.811514939049902,2.0,0.04856240378405259,0.16627649698330033,0.0012410762714248802,5.645751311064589,0,0,0,0.024499837309122086
tight,1,Uncertainty,13.456347944374132,2.0,0.048258969999010685,0.16469917622328342,0.0012230843225744699,3.650112133250722,3,0,0,0.0659001525491476
tight,2,Decision value,13.09478007965501,1.5733797180280065,0.04825896999901069,0.16469917622328342,0.0011987530694650068,2.9461408296778915,3,0,0,0.06800005212426186
tight,3,Snapshot memory,15.386558706449645,1.0,0.12369029466263146,0.0018602566719565852,0.00556552410022387,2.0,3,0,0,0.06889994256198406
tight,4,Temporal memory,15.386558706449645,1.0,0.12369029466263146,0.0018602566719565852,0.004638030498469117,2.0,3,0,0,0.06739981472492218
tight,5,Joint memory,13.212108996790692,2.0,0.07197645094727648,0.057617305051048326,0.0,3.6501121332507225,3,0,0,0.06620003841817379
tight,6,Complementary NBV,12.85054113207157,1.5733797180280065,0.07197645094727648,0.05761730505104831,0.0,2.9461408296778915,15,0,0,0.31800009310245514
tight,7,Sparse pair graph,12.85054113207157,1.5733797180280065,0.07197645094727648,0.05761730505104831,0.0,2.9461408296778915,15,3,0,0.4205000586807728
shift,0,Coverage,10.125667882655463,2.0,0.03713084399391358,0.00448178927164479,3.853526375643741e-05,5.645751311064591,0,0,0,0.03050011582672596
shift,1,Uncertainty,10.263902873243723,2.0,0.03698817574976719,0.0073576720315963896,7.530758189374371e-05,6.259956610537518,12,0,0,0.20110001787543297
shift,2,Decision value,9.28786878444851,1.310270423646883,0.03698817574976719,0.007357672031596395,6.926057484706961e-05,2.511980990648563,12,0,0,0.26190001517534256
shift,3,Snapshot memory,25.093509405248966,0.0,0.25093509405248965,0.0,0.03429351886053054,0.0,12,0,0,0.23179990239441395
shift,4,Temporal memory,9.330883287135382,1.310270423646883,0.03910837562855821,0.0010275976507759617,0.0002836455453162204,2.511980990648563,12,0,0,0.3875000402331352
shift,5,Joint memory,9.330883287135382,1.310270423646883,0.03910837562855821,0.0010275976507759617,0.0002836455453162094,2.511980990648563,12,0,0,0.23140013217926025
shift,6,Complementary NBV,9.330883287135382,1.310270423646883,0.03910837562855821,0.0010275976507759617,0.0002836455453162094,2.511980990648563,408,0,0,7.214199984446168
shift,7,Sparse pair graph,9.330883287135382,1.310270423646883,0.03910837562855821,0.0010275976507759617,0.0002836455453162094,2.511980990648563,36,66,372,2.345399931073189
