planner,scenario,seed,precision,recall,f1,precision_confirmed,recall_confirmed,f1_confirmed,precision_legacy,recall_legacy,f1_legacy,mean_localization_error_m,total_flight_dist_m,total_viewpoints,coverage_frac,reinspection_rate,uncertainty_reduction,growth_detected_frac,info_gain_per_viewpoint,ece,uncertainty_gap_fp_minus_tp
random,static,0,0.6666666666666666,0.8888888888888888,0.761904761904762,0.8888888888888888,0.8888888888888888,0.8888888888888888,0.6666666666666666,0.8888888888888888,0.761904761904762,0.9722911717597057,385.37261270653096,48.0,1.0,1.0,0.008208250533598903,0.6923076923076923,0.13196509450349278,0.22024460102236545,-0.06895101746810367
isler_nbv,static,0,0.6666666666666666,0.6666666666666666,0.6666666666666666,1.0,0.6666666666666666,0.8,0.6666666666666666,0.6666666666666666,0.6666666666666666,0.860739810669458,30.660690154376944,48.0,0.4444444444444444,0.6666666666666666,-0.0016959986744494112,0.3076923076923077,0.19161910630583537,0.27400149703025817,-0.08091004682521247
bircher_rhnbv,static,0,1.0,1.0,1.0,1.0,1.0,1.0,1.0,1.0,1.0,0.8713457446484084,47.94398245761614,48.0,0.6666666666666666,1.0,-0.0006340053363679907,0.0,0.2394035745537746,0.27260476145251045,nan
gatsbi_gtsp,static,0,0.9,1.0,0.9473684210526316,1.0,1.0,1.0,0.9,1.0,0.9473684210526316,0.8688423423341699,125.36432158743057,48.0,1.0,1.0,-0.001389141599575888,0.0,0.19400217529857566,0.25613486073737923,-0.12026286029679312
ruckin_ipp,static,0,1.0,1.0,1.0,1.0,1.0,1.0,1.0,1.0,1.0,1.1731470607910341,189.19696556747084,48.0,1.0,1.0,0.0008343597033496956,0.0,0.12429666683823622,0.31793876213056077,nan
alamdari_latency,static,0,1.0,1.0,1.0,1.0,1.0,1.0,1.0,1.0,1.0,0.8322799619583864,167.7179702988354,48.0,1.0,1.0,0.00032681190202985834,0.0,0.20877613529452935,0.2614461713367038,nan
uwtig,static,0,1.0,1.0,1.0,1.0,1.0,1.0,1.0,1.0,1.0,0.892928318180967,125.40817905477805,48.0,1.0,1.0,0.00031343340853434823,0.0,0.21065934137629258,0.26310160214250733,nan
uwtig_no_uncertainty,static,0,1.0,1.0,1.0,1.0,1.0,1.0,1.0,1.0,1.0,0.8322799619583864,124.55965091735419,48.0,1.0,1.0,0.0008354643095064775,0.0,0.20877613529452935,0.2614461713367038,nan
uwtig_no_temporal,static,0,1.0,1.0,1.0,1.0,1.0,1.0,1.0,1.0,1.0,0.892928318180967,125.87680820487957,48.0,1.0,1.0,-0.0015607249220959915,0.0,0.21065934137629258,0.26310160214250733,nan
uwtig_no_staleness,static,0,1.0,1.0,1.0,1.0,1.0,1.0,1.0,1.0,1.0,0.6266823340494363,80.6140665050826,48.0,1.0,1.0,-0.0007768193564288654,0.0,0.17652914861948665,0.23144462207953131,nan
uwtig_no_coverage_first,static,0,1.0,0.6666666666666666,0.8,1.0,0.6666666666666666,0.8,1.0,0.6666666666666666,0.8,0.9607195698317191,13.285281374238583,48.0,0.4444444444444444,0.6666666666666666,-0.0002877003448182032,0.0,0.24064711914682455,0.2757918453878826,nan
uwtig_no_lookahead,static,0,1.0,1.0,1.0,1.0,1.0,1.0,1.0,1.0,1.0,0.8115788162000642,122.01406650508262,48.0,1.0,1.0,-0.0013085731609058686,0.0,0.18715891898557743,0.24787331024805703,nan
random,uncertain,0,0.625,0.8333333333333334,0.7142857142857143,0.8333333333333334,0.8333333333333334,0.8333333333333334,0.5,0.8333333333333334,0.625,1.1180245534188855,385.37261270653096,48.0,1.0,1.0,-0.0016133283095025003,0.14285714285714285,0.13196509450349278,0.2680574821101295,-0.10607413455203524
isler_nbv,uncertain,0,0.3333333333333333,0.5,0.4,0.42857142857142855,0.5,0.4615384615384615,0.16666666666666666,0.5,0.25,1.152172857354821,30.660690154376944,48.0,0.4444444444444444,0.5,-0.001210282787467125,0.36363636363636365,0.19161910630583537,0.29196085035800934,-0.11053934483978425
bircher_rhnbv,uncertain,0,0.5,0.5,0.5,0.5,0.5,0.5,0.2,0.5,0.28571428571428575,0.8215466331468941,47.94398245761614,48.0,0.6666666666666666,0.5,-0.01144136142557566,0.0,0.2394035745537746,0.24721661541197032,-0.15847672435295895
gatsbi_gtsp,uncertain,0,0.6666666666666666,1.0,0.8,0.8571428571428571,1.0,0.923076923076923,0.6666666666666666,1.0,0.8,0.5493134936533598,125.36432158743057,48.0,1.0,1.0,-0.005270476412551531,0.0,0.19400217529857566,0.22482738040742417,-0.16738968349748204
ruckin_ipp,uncertain,0,0.75,1.0,0.8571428571428571,1.0,1.0,1.0,0.6666666666666666,1.0,0.8,1.27632522665281,246.31008623185176,48.0,1.0,1.0,0.0011400802533259294,0.14285714285714285,0.12846095835766547,0.24497013842618023,-0.10600475990349309
alamdari_latency,uncertain,0,0.6666666666666666,1.0,0.8,0.75,1.0,0.8571428571428571,0.5,1.0,0.6666666666666666,0.5553629577798765,167.7179702988354,48.0,1.0,1.0,-0.00864464942108377,0.0,0.20877613529452935,0.23917787770430246,-0.16124706307173828
uwtig,uncertain,0,0.6666666666666666,1.0,0.8,0.75,1.0,0.8571428571428571,0.5,1.0,0.6666666666666666,0.5937269241315349,125.51540827557943,48.0,1.0,1.0,0.0027878434102080463,0.0,0.20877613529452935,0.23174645255009332,-0.15990165358004638
uwtig_no_uncertainty,uncertain,0,0.6666666666666666,1.0,0.8,0.75,1.0,0.8571428571428571,0.5,1.0,0.6666666666666666,0.5937269241315349,124.55965091735419,48.0,1.0,1.0,-0.0066296603990909295,0.0,0.20877613529452935,0.23174645255009332,-0.16184113671174094
uwtig_no_temporal,uncertain,0,0.6666666666666666,1.0,0.8,0.75,1.0,0.8571428571428571,0.5,1.0,0.6666666666666666,0.5937269241315349,125.51540827557943,48.0,1.0,1.0,-0.008316657148235061,0.0,0.20877613529452935,0.23174645255009332,-0.17253423523419034
uwtig_no_staleness,uncertain,0,0.6666666666666666,1.0,0.8,0.8571428571428571,1.0,0.923076923076923,0.6666666666666666,1.0,0.8,0.32149378463800077,80.6140665050826,48.0,1.0,1.0,-0.011117728264889604,0.0,0.17652914861948665,0.21235647088005433,-0.17618186244520187
uwtig_no_coverage_first,uncertain,0,0.5,0.5,0.5,0.5,0.5,0.5,0.2,0.5,0.28571428571428575,0.8215466331468941,13.430865786510154,48.0,0.4444444444444444,0.5,-0.01633612518018984,0.0,0.24455164423094233,0.24721661541197032,-0.1527551991663191
uwtig_no_lookahead,uncertain,0,0.6666666666666666,1.0,0.8,0.8571428571428571,1.0,0.923076923076923,0.6666666666666666,1.0,0.8,0.32149378463800077,80.6140665050826,48.0,1.0,1.0,0.011401203266207229,0.0,0.17652914861948665,0.21235647088005433,-0.16047224242247035
random,growing,0,0.0,0.0,0.0,nan,0.0,nan,0.0,0.0,0.0,nan,385.37261270653096,48.0,1.0,1.0,nan,nan,0.13196509450349278,0.26592276990413666,nan
isler_nbv,growing,0,nan,0.0,nan,nan,0.0,nan,nan,0.0,nan,nan,30.660690154376944,48.0,0.4444444444444444,1.0,nan,nan,0.19161910630583537,nan,nan
bircher_rhnbv,growing,0,nan,0.0,nan,nan,0.0,nan,nan,0.0,nan,nan,47.94398245761614,48.0,0.6666666666666666,1.0,nan,nan,0.2394035745537746,nan,nan
gatsbi_gtsp,growing,0,nan,0.0,nan,nan,0.0,nan,nan,0.0,nan,nan,125.36432158743057,48.0,1.0,1.0,nan,nan,0.19400217529857566,nan,nan
ruckin_ipp,growing,0,nan,0.0,nan,nan,0.0,nan,nan,0.0,nan,nan,141.58065709643233,48.0,1.0,1.0,nan,nan,0.12163459934764546,nan,nan
alamdari_latency,growing,0,nan,0.0,nan,nan,0.0,nan,nan,0.0,nan,nan,167.7179702988354,48.0,1.0,1.0,nan,nan,0.20877613529452935,nan,nan
uwtig,growing,0,nan,0.0,nan,nan,0.0,nan,nan,0.0,nan,nan,124.55965091735419,48.0,1.0,1.0,nan,nan,0.20877613529452935,nan,nan
uwtig_no_uncertainty,growing,0,nan,0.0,nan,nan,0.0,nan,nan,0.0,nan,nan,124.55965091735419,48.0,1.0,1.0,nan,nan,0.20877613529452935,nan,nan
uwtig_no_temporal,growing,0,nan,0.0,nan,nan,0.0,nan,nan,0.0,nan,nan,124.55965091735419,48.0,1.0,1.0,nan,nan,0.20877613529452935,nan,nan
uwtig_no_staleness,growing,0,nan,0.0,nan,nan,0.0,nan,nan,0.0,nan,nan,80.6140665050826,48.0,1.0,1.0,nan,nan,0.17652914861948665,nan,nan
uwtig_no_coverage_first,growing,0,nan,0.0,nan,nan,0.0,nan,nan,0.0,nan,nan,12.727922061357868,48.0,0.4444444444444444,1.0,nan,nan,0.24455164423094233,nan,nan
uwtig_no_lookahead,growing,0,nan,0.0,nan,nan,0.0,nan,nan,0.0,nan,nan,80.6140665050826,48.0,1.0,1.0,nan,nan,0.17652914861948665,nan,nan
random,multi_defect,0,0.7619047619047619,0.8888888888888888,0.8205128205128205,0.7619047619047619,0.8888888888888888,0.8205128205128205,0.2909090909090909,0.8888888888888888,0.4383561643835616,0.7728708200206832,385.37261270653096,48.0,1.0,1.0,0.013443571389604985,0.2692307692307692,0.13196509450349278,0.19486030520394784,-0.06492385204703971
isler_nbv,multi_defect,0,1.0,0.5,0.6666666666666666,1.0,0.5,0.6666666666666666,0.14285714285714285,0.5,0.22222222222222224,0.9491562375765545,30.660690154376944,48.0,0.4444444444444444,0.5,0.003787865082454899,0.17647058823529413,0.19161910630583537,0.3262863316469722,nan
bircher_rhnbv,multi_defect,0,1.0,0.8333333333333334,0.9090909090909091,1.0,0.8333333333333334,0.9090909090909091,0.23809523809523808,0.8333333333333334,0.37037037037037035,0.7947295673554771,47.94398245761614,48.0,0.6666666666666666,0.8333333333333334,-0.0024405909779095653,0.0,0.2394035745537746,0.2559146654038202,nan
gatsbi_gtsp,multi_defect,0,0.8571428571428571,1.0,0.923076923076923,0.9,1.0,0.9473684210526316,0.3,1.0,0.4615384615384615,0.6482278027129723,125.36432158743057,48.0,1.0,1.0,0.0065186652829500764,0.0,0.19400217529857566,0.2472443931242999,-0.10338451187546363
ruckin_ipp,multi_defect,0,0.75,1.0,0.8571428571428571,0.8888888888888888,0.8888888888888888,0.8888888888888888,0.3103448275862069,1.0,0.4736842105263158,0.7492136601272185,225.50904699547755,48.0,1.0,1.0,0.008198122487861328,0.13043478260869565,0.1292213201702208,0.2942140278491107,-0.07054428756646217
alamdari_latency,multi_defect,0,0.8571428571428571,1.0,0.923076923076923,0.9473684210526315,1.0,0.972972972972973,0.3,1.0,0.4615384615384615,0.7891782553771385,167.7179702988354,48.0,1.0,1.0,0.0038342168117337133,0.0,0.20877613529452935,0.25352439710072106,-0.06380875533296515
uwtig,multi_defect,0,0.8571428571428571,1.0,0.923076923076923,0.9473684210526315,1.0,0.972972972972973,0.32727272727272727,1.0,0.4931506849315069,0.7401502754373248,124.55965091735419,48.0,1.0,1.0,0.012724185843033997,0.0,0.20877613529452935,0.24558608411648955,-0.09982065851246366
uwtig_no_uncertainty,multi_defect,0,0.8571428571428571,1.0,0.923076923076923,0.9473684210526315,1.0,0.972972972972973,0.32727272727272727,1.0,0.4931506849315069,0.7401502754373248,124.55965091735419,48.0,1.0,1.0,0.014877370202430351,0.0,0.20877613529452935,0.24558608411648955,-0.10380222891803598
uwtig_no_temporal,multi_defect,0,0.8571428571428571,1.0,0.923076923076923,0.9473684210526315,1.0,0.972972972972973,0.32727272727272727,1.0,0.4931506849315069,0.7401502754373248,124.55965091735419,48.0,1.0,1.0,0.007375977580965692,0.0,0.20877613529452935,0.24558608411648955,-0.10430987844668965
uwtig_no_staleness,multi_defect,0,0.8571428571428571,1.0,0.923076923076923,0.9473684210526315,1.0,0.972972972972973,0.45,1.0,0.6206896551724138,0.718679093815273,80.6140665050826,48.0,1.0,1.0,-0.005101942475829645,0.0,0.17652914861948665,0.24081539873983349,-0.06988084255643101
uwtig_no_coverage_first,multi_defect,0,1.0,0.5,0.6666666666666666,1.0,0.5,0.6666666666666666,0.13043478260869565,0.5,0.20689655172413793,0.7889707583529617,14.368124086713202,48.0,0.4444444444444444,0.5,0.016953138367629583,0.0,0.24455164423094233,0.255409527908672,nan
uwtig_no_lookahead,multi_defect,0,0.8571428571428571,1.0,0.923076923076923,0.9473684210526315,1.0,0.972972972972973,0.45,1.0,0.6206896551724138,0.7206682846302714,80.6140665050826,48.0,1.0,1.0,0.00021432010301819442,0.0,0.17652914861948665,0.23996696136530163,-0.07022991152616095
random,static,1,0.75,1.0,0.8571428571428571,0.9,1.0,0.9473684210526316,0.47368421052631576,1.0,0.6428571428571429,0.3091812645721446,307.20140403381856,48.0,1.0,1.0,0.011831227168217424,0.42857142857142855,0.14280610742782018,0.25696536321793834,-0.10563163418657151
isler_nbv,static,1,0.6666666666666666,0.6666666666666666,0.6666666666666666,0.75,0.6666666666666666,0.7058823529411765,0.24,0.6666666666666666,0.3529411764705882,0.28206995507882987,30.660690154376944,48.0,0.4444444444444444,0.6666666666666666,-0.012785283653411502,0.3333333333333333,0.19161910630583537,0.27068471455055737,-0.07945937136990464
bircher_rhnbv,static,1,0.75,1.0,0.8571428571428571,0.75,1.0,0.8571428571428571,0.2727272727272727,1.0,0.42857142857142855,0.3286351329274979,47.94398245761614,48.0,0.6666666666666666,1.0,0.002878077695491952,0.14285714285714285,0.2394035745537746,0.22165334224700928,-0.10459988928260744
gatsbi_gtsp,static,1,0.75,1.0,0.8571428571428571,0.8181818181818182,1.0,0.9,0.36,1.0,0.5294117647058824,0.2269269040146,125.36432158743057,48.0,1.0,1.0,0.0021443566614198005,0.14285714285714285,0.19400217529857566,0.20602241158485413,-0.156190778670767
ruckin_ipp,static,1,0.75,1.0,0.8571428571428571,0.9,1.0,0.9473684210526316,0.5294117647058824,1.0,0.6923076923076924,0.09120239966420135,145.66109824905297,48.0,1.0,1.0,-0.002644291713085454,0.5,0.13262524987709465,0.18263430778796855,-0.1629561224217704
alamdari_latency,static,1,0.75,1.0,0.8571428571428571,0.8181818181818182,1.0,0.9,0.36,1.0,0.5294117647058824,0.2678580699037625,167.7179702988354,48.0,1.0,1.0,0.0041697849462527786,0.14285714285714285,0.20877613529452935,0.21136427223682402,-0.12806045582946557
uwtig,static,1,0.75,1.0,0.8571428571428571,0.8181818181818182,1.0,0.9,0.36,1.0,0.5294117647058824,0.2678580699037625,125.02828006745571,48.0,1.0,1.0,0.0008810556239365608,0.14285714285714285,0.20877613529452935,0.21136427223682402,-0.12823507023980682
uwtig_no_uncertainty,static,1,0.75,1.0,0.8571428571428571,0.8181818181818182,1.0,0.9,0.36,1.0,0.5294117647058824,0.2678580699037625,124.55965091735419,48.0,1.0,1.0,0.0030160368438952707,0.14285714285714285,0.20877613529452935,0.21136427223682402,-0.12863054856237888
uwtig_no_temporal,static,1,0.75,1.0,0.8571428571428571,0.8181818181818182,1.0,0.9,0.36,1.0,0.5294117647058824,0.2678580699037625,125.02828006745571,48.0,1.0,1.0,0.0032698543037881626,0.14285714285714285,0.20877613529452935,0.21136427223682402,-0.12946095044337624
uwtig_no_staleness,static,1,0.75,1.0,0.8571428571428571,0.9,1.0,0.9473684210526316,0.5294117647058824,1.0,0.6923076923076924,0.16419997827165164,80.6140665050826,48.0,1.0,1.0,0.0015986846657264446,0.14285714285714285,0.17652914861948665,0.18882698231729966,-0.15574820881820586
uwtig_no_coverage_first,static,1,0.6666666666666666,0.6666666666666666,0.6666666666666666,0.6666666666666666,0.6666666666666666,0.6666666666666666,0.15789473684210525,0.6666666666666666,0.25531914893617025,0.3484810300620709,12.796551211459395,48.0,0.4444444444444444,0.6666666666666666,0.006471848762226368,0.16666666666666666,0.24455164423094233,0.22417959395576925,-0.10770148847262223
uwtig_no_lookahead,static,1,0.75,1.0,0.8571428571428571,0.9,1.0,0.9473684210526316,0.5294117647058824,1.0,0.6923076923076924,0.18723510974545404,80.6140665050826,48.0,1.0,1.0,0.0059840319129258876,0.14285714285714285,0.17652914861948665,0.1946057746043572,-0.15575252392273228
random,uncertain,1,0.5714285714285714,0.6666666666666666,0.6153846153846153,0.6666666666666666,0.6666666666666666,0.6666666666666666,0.14814814814814814,0.6666666666666666,0.24242424242424243,0.49683451950094026,307.20140403381856,48.0,1.0,1.0,0.02261909082004258,0.1111111111111111,0.14280610742782018,0.37127460487957664,-0.06861619906678854
isler_nbv,uncertain,1,0.3333333333333333,0.5,0.4,0.42857142857142855,0.5,0.4615384615384615,0.05084745762711865,0.5,0.09230769230769231,0.8393502105943744,30.660690154376944,48.0,0.4444444444444444,0.5,0.012088840341314246,0.3333333333333333,0.19161910630583537,0.28195123086052554,-0.06408308879999691
bircher_rhnbv,uncertain,1,0.5,0.5,0.5,0.5,0.5,0.5,0.04477611940298507,0.5,0.0821917808219178,0.9518600433950737,47.94398245761614,48.0,0.6666666666666666,0.5,0.017621668349496345,0.0,0.2394035745537746,0.42375836090037694,-0.05598680040957485
gatsbi_gtsp,uncertain,1,0.6666666666666666,1.0,0.8,0.8333333333333334,0.8333333333333334,0.8333333333333334,0.17647058823529413,1.0,0.3,0.6304302822177502,125.36432158743057,48.0,1.0,1.0,0.012362242410322716,0.0,0.19400217529857566,0.4009834297001362,-0.07806076392178357
ruckin_ipp,uncertain,1,0.5,0.5,0.5,0.6,0.5,0.5454545454545454,0.12,0.5,0.1935483870967742,0.21144703645735474,183.56970969921178,48.0,1.0,1.0,0.013971596363996683,0.14285714285714285,0.12353630502568087,0.33461409903341727,-0.09144352183292942
alamdari_latency,uncertain,1,0.6666666666666666,1.0,0.8,0.7142857142857143,0.8333333333333334,0.7692307692307692,0.15789473684210525,1.0,0.2727272727272727,0.4983950393698648,167.7179702988354,48.0,1.0,1.0,0.02036182990579265,0.0,0.20877613529452935,0.39776011082259083,-0.07320975450243175
uwtig,uncertain,1,0.6666666666666666,1.0,0.8,0.7142857142857143,0.8333333333333334,0.7692307692307692,0.15789473684210525,1.0,0.2727272727272727,0.5626480957243188,125.19682248950436,48.0,1.0,1.0,0.018584914908976,0.0,0.20877613529452935,0.39516220444982697,-0.06739117111811088
uwtig_no_uncertainty,uncertain,1,0.6666666666666666,1.0,0.8,0.7142857142857143,0.8333333333333334,0.7692307692307692,0.15789473684210525,1.0,0.2727272727272727,0.5626480957243188,124.55965091735419,48.0,1.0,1.0,0.014190236508584494,0.0,0.20877613529452935,0.39516220444982697,-0.07430861035477046
uwtig_no_temporal,uncertain,1,0.6666666666666666,1.0,0.8,0.7142857142857143,0.8333333333333334,0.7692307692307692,0.15789473684210525,1.0,0.2727272727272727,0.5626480957243188,125.19682248950436,48.0,1.0,1.0,0.01212974285802102,0.0,0.20877613529452935,0.39516220444982697,-0.0706133385030275
uwtig_no_staleness,uncertain,1,0.6666666666666666,1.0,0.8,0.8,0.6666666666666666,0.7272727272727272,0.2727272727272727,1.0,0.42857142857142855,0.3833466763166112,80.6140665050826,48.0,1.0,1.0,0.017451138232226635,0.0,0.17652914861948665,0.34216788026594347,-0.09837729323967259
uwtig_no_coverage_first,uncertain,1,0.5,0.5,0.5,0.5,0.5,0.5,0.04477611940298507,0.5,0.0821917808219178,0.9518600433950737,12.727922061357868,48.0,0.4444444444444444,0.5,0.015050778517804226,0.0,0.24455164423094233,0.42375836090037694,-0.05898224890175985
uwtig_no_lookahead,uncertain,1,0.6666666666666666,1.0,0.8,0.8,0.6666666666666666,0.7272727272727272,0.2727272727272727,1.0,0.42857142857142855,0.3833466763166112,80.6140665050826,48.0,1.0,1.0,0.02254225483778746,0.0,0.17652914861948665,0.34216788026594347,-0.10495010501478808
random,growing,1,0.0,0.0,0.0,nan,0.0,nan,0.0,0.0,0.0,nan,307.20140403381856,48.0,1.0,1.0,nan,nan,0.14280610742782018,0.37965527176856995,nan
isler_nbv,growing,1,nan,0.0,nan,nan,0.0,nan,nan,0.0,nan,nan,30.660690154376944,48.0,0.4444444444444444,1.0,nan,nan,0.19161910630583537,nan,nan
bircher_rhnbv,growing,1,nan,0.0,nan,nan,0.0,nan,nan,0.0,nan,nan,47.94398245761614,48.0,0.6666666666666666,1.0,nan,nan,0.2394035745537746,nan,nan
gatsbi_gtsp,growing,1,nan,0.0,nan,nan,0.0,nan,nan,0.0,nan,nan,125.36432158743057,48.0,1.0,1.0,nan,nan,0.19400217529857566,nan,nan
ruckin_ipp,growing,1,0.0,0.0,0.0,0.0,0.0,0.0,0.0,0.0,0.0,nan,186.18392167825328,48.0,1.0,1.0,0.0425539251578414,0.0,0.12163459934764538,0.31765527384621756,nan
alamdari_latency,growing,1,nan,0.0,nan,nan,0.0,nan,nan,0.0,nan,nan,167.7179702988354,48.0,1.0,1.0,nan,nan,0.20877613529452935,nan,nan
uwtig,growing,1,nan,0.0,nan,nan,0.0,nan,nan,0.0,nan,nan,124.55965091735419,48.0,1.0,1.0,nan,nan,0.20877613529452935,nan,nan
uwtig_no_uncertainty,growing,1,nan,0.0,nan,nan,0.0,nan,nan,0.0,nan,nan,124.55965091735419,48.0,1.0,1.0,nan,nan,0.20877613529452935,nan,nan
uwtig_no_temporal,growing,1,nan,0.0,nan,nan,0.0,nan,nan,0.0,nan,nan,124.55965091735419,48.0,1.0,1.0,nan,nan,0.20877613529452935,nan,nan
uwtig_no_staleness,growing,1,nan,0.0,nan,nan,0.0,nan,nan,0.0,nan,nan,80.6140665050826,48.0,1.0,1.0,nan,nan,0.17652914861948665,nan,nan
uwtig_no_coverage_first,growing,1,nan,0.0,nan,nan,0.0,nan,nan,0.0,nan,nan,12.727922061357868,48.0,0.4444444444444444,1.0,nan,nan,0.24455164423094233,nan,nan
uwtig_no_lookahead,growing,1,nan,0.0,nan,nan,0.0,nan,nan,0.0,nan,nan,80.6140665050826,48.0,1.0,1.0,nan,nan,0.17652914861948665,nan,nan
random,multi_defect,1,1.0,0.8333333333333334,0.9090909090909091,1.0,0.8333333333333334,0.9090909090909091,0.46875,0.8333333333333334,0.6,0.7736261786912456,307.20140403381856,48.0,1.0,1.0,-0.0008687086910797624,0.10526315789473684,0.14280610742782018,0.38084891709414403,nan
isler_nbv,multi_defect,1,1.0,0.5,0.6666666666666666,1.0,0.5,0.6666666666666666,0.2,0.5,0.28571428571428575,0.7523183460355881,30.660690154376944,48.0,0.4444444444444444,0.5,0.015213907435402062,0.06666666666666667,0.19161910630583537,0.3640486509317444,nan
bircher_rhnbv,multi_defect,1,1.0,0.8333333333333334,0.9090909090909091,1.0,0.8333333333333334,0.9090909090909091,0.29411764705882354,0.8333333333333334,0.4347826086956522,0.2637531921172063,47.94398245761614,48.0,0.6666666666666666,0.8333333333333334,-0.004040801485793564,0.0,0.2394035745537746,0.3487262616554896,nan
gatsbi_gtsp,multi_defect,1,0.9375,0.8333333333333334,0.8823529411764706,1.0,0.8333333333333334,0.9090909090909091,0.36585365853658536,0.8333333333333334,0.5084745762711864,0.16840969658357394,125.36432158743057,48.0,1.0,1.0,0.005751209163920561,0.0,0.19400217529857566,0.38689806961244155,-0.06514506407878234
ruckin_ipp,multi_defect,1,1.0,1.0,1.0,1.0,1.0,1.0,0.5454545454545454,1.0,0.7058823529411764,0.9697406163406432,233.08255877998727,48.0,1.0,1.0,0.00965507435085127,0.0,0.12429666683823622,0.35196664503642494,nan
alamdari_latency,multi_defect,1,0.9473684210526315,1.0,0.972972972972973,1.0,1.0,1.0,0.4186046511627907,1.0,0.5901639344262295,0.513995761988019,167.7179702988354,48.0,1.0,1.0,0.008634301735733603,0.08333333333333333,0.20877613529452935,0.3695662519511055,-0.05868245160016669
uwtig,multi_defect,1,1.0,1.0,1.0,1.0,1.0,1.0,0.42857142857142855,1.0,0.6,0.468617712818157,124.55965091735419,48.0,1.0,1.0,0.011975856486724444,0.0,0.20877613529452935,0.37950642406940466,nan
uwtig_no_uncertainty,multi_defect,1,1.0,1.0,1.0,1.0,1.0,1.0,0.42857142857142855,1.0,0.6,0.468617712818157,124.55965091735419,48.0,1.0,1.0,0.007577050155877119,0.0,0.20877613529452935,0.37950642406940466,nan
uwtig_no_temporal,multi_defect,1,1.0,1.0,1.0,1.0,1.0,1.0,0.42857142857142855,1.0,0.6,0.468617712818157,124.55965091735419,48.0,1.0,1.0,0.012080197593924757,0.0,0.20877613529452935,0.37950642406940466,nan
uwtig_no_staleness,multi_defect,1,1.0,1.0,1.0,1.0,1.0,1.0,0.6,1.0,0.7499999999999999,0.41524069328124863,80.6140665050826,48.0,1.0,1.0,0.006048094701400439,0.0,0.17652914861948665,0.41050075783449064,nan
uwtig_no_coverage_first,multi_defect,1,1.0,0.5,0.6666666666666666,1.0,0.5,0.6666666666666666,0.15789473684210525,0.5,0.23999999999999996,0.28125257786492636,12.796551211459391,48.0,0.4444444444444444,0.5,0.013779836477362589,0.0,0.24455164423094233,0.3456016182899475,nan
uwtig_no_lookahead,multi_defect,1,1.0,1.0,1.0,1.0,1.0,1.0,0.6,1.0,0.7499999999999999,0.4462475267576534,80.6140665050826,48.0,1.0,1.0,0.009611381622582736,0.0,0.17652914861948665,0.4031109043530055,nan
random,static,2,1.0,0.7777777777777778,0.8750000000000001,1.0,0.7777777777777778,0.8750000000000001,0.7777777777777778,0.7777777777777778,0.7777777777777778,0.7400140341269773,430.41522251576737,48.0,1.0,1.0,0.020400550276885934,0.1111111111111111,0.1507058795408797,0.2554194452585997,nan
isler_nbv,static,2,1.0,0.6666666666666666,0.8,1.0,0.6666666666666666,0.8,0.5,0.6666666666666666,0.5714285714285715,0.7592523155157869,30.660690154376944,48.0,0.4444444444444444,0.6666666666666666,-0.004437888862322506,0.0,0.19161910630583537,0.23547716273201838,nan
bircher_rhnbv,static,2,1.0,1.0,1.0,1.0,1.0,1.0,1.0,1.0,1.0,0.5134560881195777,47.94398245761614,48.0,0.6666666666666666,1.0,0.00044297167617189106,0.0,0.2394035745537746,0.2248005781854902,nan
gatsbi_gtsp,static,2,1.0,1.0,1.0,1.0,1.0,1.0,1.0,1.0,1.0,0.5135436957511791,125.36432158743057,48.0,1.0,1.0,-0.005036367869471354,0.0,0.19400217529857566,0.23467852671941117,nan
ruckin_ipp,static,2,1.0,1.0,1.0,1.0,1.0,1.0,0.47368421052631576,1.0,0.6428571428571429,0.9900190568570485,224.35723580752583,48.0,1.0,1.0,0.007832198675592168,0.0,0.13881625588987734,0.23724624451170576,nan
alamdari_latency,static,2,1.0,1.0,1.0,1.0,1.0,1.0,1.0,1.0,1.0,0.4918839564417336,167.7179702988354,48.0,1.0,1.0,0.0006498349983757757,0.0,0.20877613529452935,0.22447954416275023,nan
uwtig,static,2,1.0,1.0,1.0,1.0,1.0,1.0,1.0,1.0,1.0,0.49188395644173355,125.26259464250647,48.0,1.0,1.0,-0.0031695567859738615,0.0,0.20877613529452935,0.22447954416275023,nan
uwtig_no_uncertainty,static,2,1.0,1.0,1.0,1.0,1.0,1.0,1.0,1.0,1.0,0.49188395644173355,124.55965091735419,48.0,1.0,1.0,0.00023349278676970399,0.0,0.20877613529452935,0.22447954416275023,nan
uwtig_no_temporal,static,2,1.0,1.0,1.0,1.0,1.0,1.0,1.0,1.0,1.0,0.49188395644173355,125.26259464250647,48.0,1.0,1.0,0.03653838175481038,0.0,0.20877613529452935,0.22447954416275023,nan
uwtig_no_staleness,static,2,1.0,1.0,1.0,1.0,1.0,1.0,1.0,1.0,1.0,0.39870630070270324,80.6140665050826,48.0,1.0,1.0,0.004332766149976619,0.0,0.17652914861948665,0.20642604678869247,nan
uwtig_no_coverage_first,static,2,1.0,0.6666666666666666,0.8,1.0,0.6666666666666666,0.8,1.0,0.6666666666666666,0.8,0.5540023936010869,14.602438661763966,48.0,0.4444444444444444,0.6666666666666666,0.0016301716263958412,0.0,0.24455164423094233,0.23651520907878873,nan
uwtig_no_lookahead,static,2,1.0,1.0,1.0,1.0,1.0,1.0,1.0,1.0,1.0,0.42089145683104395,80.6140665050826,48.0,1.0,1.0,0.002008585781360109,0.0,0.17652914861948665,0.2107244985444205,nan
random,uncertain,2,0.6666666666666666,0.6666666666666666,0.6666666666666666,1.0,0.6666666666666666,0.8,0.6666666666666666,0.6666666666666666,0.6666666666666666,0.8255303029153737,430.41522251576737,48.0,1.0,1.0,0.01437187740434412,0.0,0.1507058795408797,0.37986783328510465,-0.07227947173459537
isler_nbv,uncertain,2,1.0,0.5,0.6666666666666666,1.0,0.5,0.6666666666666666,1.0,0.5,0.6666666666666666,1.1179515143499252,30.660690154376944,48.0,0.4444444444444444,0.5,0.02426541001522108,0.125,0.19161910630583537,0.4792032068551973,nan
bircher_rhnbv,uncertain,2,1.0,0.5,0.6666666666666666,1.0,0.5,0.6666666666666666,1.0,0.5,0.6666666666666666,0.6286454510651454,47.94398245761614,48.0,0.6666666666666666,0.5,0.0026527742999054027,0.0,0.2394035745537746,0.31097784638404846,nan
gatsbi_gtsp,uncertain,2,0.5,0.5,0.5,0.75,0.5,0.6,0.5,0.5,0.5,0.6286454510651452,125.36432158743057,48.0,1.0,1.0,-0.002976178999942828,0.3333333333333333,0.19400217529857566,0.31011093258857725,-0.10752287702688967
ruckin_ipp,uncertain,2,1.0,1.0,1.0,1.0,1.0,1.0,1.0,1.0,1.0,1.0295379095445483,277.8143840322579,48.0,1.0,1.0,-0.0013408891970059956,0.2,0.12429666683823622,0.43408332765102386,nan
alamdari_latency,uncertain,2,1.0,1.0,1.0,1.0,1.0,1.0,1.0,1.0,1.0,0.6886224965409274,167.7179702988354,48.0,1.0,1.0,-0.02708571374486559,0.0,0.20877613529452935,0.30109336972236633,nan
uwtig,uncertain,2,1.0,1.0,1.0,1.0,1.0,1.0,1.0,1.0,1.0,0.5169160039420193,125.1639364130033,48.0,1.0,1.0,0.0011192655681374526,0.0,0.20877613529452935,0.30663950443267823,nan
uwtig_no_uncertainty,uncertain,2,1.0,1.0,1.0,1.0,1.0,1.0,1.0,1.0,1.0,0.5169160039420193,124.55965091735419,48.0,1.0,1.0,-0.003872175099362246,0.0,0.20877613529452935,0.30663950443267823,nan
uwtig_no_temporal,uncertain,2,1.0,1.0,1.0,1.0,1.0,1.0,1.0,1.0,1.0,0.5169160039420193,125.1639364130033,48.0,1.0,1.0,-0.0029429413261676807,0.0,0.20877613529452935,0.30663950443267823,nan
uwtig_no_staleness,uncertain,2,1.0,1.0,1.0,1.0,1.0,1.0,1.0,1.0,1.0,0.4424297058599356,80.6140665050826,48.0,1.0,1.0,0.004977599666008414,0.0,0.17652914861948665,0.303747276465098,nan
uwtig_no_coverage_first,uncertain,2,1.0,0.5,0.6666666666666666,1.0,0.5,0.6666666666666666,1.0,0.5,0.6666666666666666,0.6286454510651454,12.727922061357868,48.0,0.4444444444444444,0.5,-0.0002336317780590319,0.0,0.24455164423094233,0.31097784638404846,nan
uwtig_no_lookahead,uncertain,2,1.0,1.0,1.0,1.0,1.0,1.0,1.0,1.0,1.0,0.4424297058599356,80.6140665050826,48.0,1.0,1.0,-0.0024482011075736185,0.0,0.17652914861948665,0.303747276465098,nan
random,growing,2,0.0,0.0,0.0,nan,0.0,nan,0.0,0.0,0.0,nan,430.41522251576737,48.0,1.0,1.0,0.004132229996920339,0.0,0.1507058795408797,0.30272991955280304,nan
isler_nbv,growing,2,nan,0.0,nan,nan,0.0,nan,nan,0.0,nan,nan,30.660690154376944,48.0,0.4444444444444444,1.0,nan,nan,0.19161910630583537,nan,nan
bircher_rhnbv,growing,2,nan,0.0,nan,nan,0.0,nan,nan,0.0,nan,nan,47.94398245761614,48.0,0.6666666666666666,1.0,nan,nan,0.2394035745537746,nan,nan
gatsbi_gtsp,growing,2,0.0,0.0,0.0,0.0,0.0,0.0,0.0,0.0,0.0,nan,125.36432158743057,48.0,1.0,1.0,0.016828125375486558,1.0,0.19400217529857566,0.2857398490111033,nan
ruckin_ipp,growing,2,nan,0.0,nan,nan,0.0,nan,nan,0.0,nan,nan,141.58065709643233,48.0,1.0,1.0,nan,nan,0.12163459934764546,nan,nan
alamdari_latency,growing,2,nan,0.0,nan,nan,0.0,nan,nan,0.0,nan,nan,167.7179702988354,48.0,1.0,1.0,nan,nan,0.20877613529452935,nan,nan
uwtig,growing,2,nan,0.0,nan,nan,0.0,nan,nan,0.0,nan,nan,124.55965091735419,48.0,1.0,1.0,nan,nan,0.20877613529452935,nan,nan
uwtig_no_uncertainty,growing,2,nan,0.0,nan,nan,0.0,nan,nan,0.0,nan,nan,124.55965091735419,48.0,1.0,1.0,nan,nan,0.20877613529452935,nan,nan
uwtig_no_temporal,growing,2,nan,0.0,nan,nan,0.0,nan,nan,0.0,nan,nan,124.55965091735419,48.0,1.0,1.0,nan,nan,0.20877613529452935,nan,nan
uwtig_no_staleness,growing,2,nan,0.0,nan,nan,0.0,nan,nan,0.0,nan,nan,80.6140665050826,48.0,1.0,1.0,nan,nan,0.17652914861948665,nan,nan
uwtig_no_coverage_first,growing,2,nan,0.0,nan,nan,0.0,nan,nan,0.0,nan,nan,12.727922061357868,48.0,0.4444444444444444,1.0,nan,nan,0.24455164423094233,nan,nan
uwtig_no_lookahead,growing,2,nan,0.0,nan,nan,0.0,nan,nan,0.0,nan,nan,80.6140665050826,48.0,1.0,1.0,nan,nan,0.17652914861948665,nan,nan
random,multi_defect,2,0.875,0.7777777777777778,0.823529411764706,0.9333333333333333,0.7777777777777778,0.8484848484848485,0.875,0.7777777777777778,0.823529411764706,0.8272036732460313,430.41522251576737,48.0,1.0,1.0,0.0031473799246947045,0.23076923076923078,0.1507058795408797,0.32767072069017505,-0.029448308154611164
isler_nbv,multi_defect,2,1.0,0.5,0.6666666666666666,1.0,0.5,0.6666666666666666,1.0,0.5,0.6666666666666666,1.1752782223148825,30.660690154376944,48.0,0.4444444444444444,0.5,-0.012064052732946976,0.25,0.19161910630583537,0.30005702347982494,nan
bircher_rhnbv,multi_defect,2,1.0,0.8333333333333334,0.9090909090909091,1.0,0.8333333333333334,0.9090909090909091,1.0,0.8333333333333334,0.9090909090909091,1.1825917676656361,47.94398245761614,48.0,0.6666666666666666,0.8333333333333334,-0.006620529085996507,0.0,0.2394035745537746,0.31243961336820025,nan
gatsbi_gtsp,multi_defect,2,0.9473684210526315,1.0,0.972972972972973,1.0,1.0,1.0,0.9,1.0,0.9473684210526316,0.7303197791118589,125.36432158743057,48.0,1.0,1.0,-0.0276817425517534,0.0,0.19400217529857566,0.3182279558285423,-0.04623810248128596
ruckin_ipp,multi_defect,2,1.0,1.0,1.0,1.0,1.0,1.0,1.0,1.0,1.0,0.8730093499266459,224.13156847870198,48.0,1.0,1.0,0.002256012518312522,0.0,0.12353630502568087,0.3170462722579638,nan
alamdari_latency,multi_defect,2,0.9473684210526315,1.0,0.972972972972973,1.0,1.0,1.0,0.9473684210526315,1.0,0.972972972972973,0.9141063969473675,167.7179702988354,48.0,1.0,1.0,-0.010944003598704738,0.0,0.20877613529452935,0.32151571364331066,-0.07603378095678878
uwtig,multi_defect,2,1.0,1.0,1.0,1.0,1.0,1.0,1.0,1.0,1.0,0.9036122815723977,125.11255127848003,48.0,1.0,1.0,-0.004621900288728029,0.0,0.20877613529452935,0.3243164068613297,nan
uwtig_no_uncertainty,multi_defect,2,1.0,1.0,1.0,1.0,1.0,1.0,1.0,1.0,1.0,0.9036122815723978,124.55965091735419,48.0,1.0,1.0,0.00878721357816937,0.0,0.20877613529452935,0.3243164068613297,nan
uwtig_no_temporal,multi_defect,2,1.0,1.0,1.0,1.0,1.0,1.0,1.0,1.0,1.0,0.9036122815723978,124.79396549240495,48.0,1.0,1.0,-0.012384969565600942,0.0,0.20877613529452935,0.3243164068613297,nan
uwtig_no_staleness,multi_defect,2,1.0,1.0,1.0,1.0,1.0,1.0,1.0,1.0,1.0,0.6854866356987873,80.6140665050826,48.0,1.0,1.0,0.010189701743961058,0.0,0.17652914861948665,0.3335071165819426,nan
uwtig_no_coverage_first,multi_defect,2,1.0,0.5,0.6666666666666666,1.0,0.5,0.6666666666666666,1.0,0.5,0.6666666666666666,1.2358580906575776,12.727922061357868,48.0,0.4444444444444444,0.5,-0.008004010818325424,0.0,0.24455164423094233,0.30187423662705853,nan
uwtig_no_lookahead,multi_defect,2,1.0,1.0,1.0,1.0,1.0,1.0,1.0,1.0,1.0,0.6808893530854359,80.6140665050826,48.0,1.0,1.0,-0.004892069354544638,0.0,0.17652914861948665,0.3468041041412869,nan
random,static,3,0.6428571428571429,1.0,0.782608695652174,0.9,1.0,0.9473684210526316,0.5294117647058824,1.0,0.6923076923076924,0.7416550273186857,445.3035277573751,48.0,1.0,1.0,0.021880915041047635,0.18181818181818182,0.12803214743186642,0.29837203356954783,-0.07387314162585806
isler_nbv,static,3,1.0,0.6666666666666666,0.8,1.0,0.6666666666666666,0.8,1.0,0.6666666666666666,0.8,0.7854281160218299,30.660690154376944,48.0,0.4444444444444444,0.6666666666666666,-0.020650576186467366,0.5,0.19161910630583537,0.3353942507419033,nan
bircher_rhnbv,static,3,1.0,1.0,1.0,1.0,1.0,1.0,1.0,1.0,1.0,0.6823399751841929,47.94398245761614,48.0,0.6666666666666666,1.0,0.0014466487347646077,0.0,0.2394035745537746,0.2892641973495484,nan
gatsbi_gtsp,static,3,0.75,1.0,0.8571428571428571,0.8181818181818182,1.0,0.9,0.5294117647058824,1.0,0.6923076923076924,0.6206674008486671,125.36432158743057,48.0,1.0,1.0,-0.0013152422196203602,0.0,0.19400217529857566,0.3121995545448141,-0.06833651308119373
ruckin_ipp,static,3,0.8181818181818182,1.0,0.9,1.0,1.0,1.0,0.8181818181818182,1.0,0.9,0.8965507101560615,149.7285860583768,48.0,1.0,1.0,-0.0032275028849800083,0.0,0.13338561168965005,0.24295505120399152,-0.14763594709503403
alamdari_latency,static,3,0.75,1.0,0.8571428571428571,0.8181818181818182,1.0,0.9,0.6923076923076923,1.0,0.8181818181818181,0.6284139383170168,167.7179702988354,48.0,1.0,1.0,-0.0020346253875978197,0.0,0.20877613529452935,0.29178306116507596,-0.06632494898667879
uwtig,static,3,0.8181818181818182,1.0,0.9,1.0,1.0,1.0,0.8181818181818182,1.0,0.9,0.6284139383170168,125.26259464250647,48.0,1.0,1.0,-0.0015123549403115687,0.0,0.20877613529452935,0.25904112100601195,-0.06807357532380565
uwtig_no_uncertainty,static,3,0.8181818181818182,1.0,0.9,1.0,1.0,1.0,0.8181818181818182,1.0,0.9,0.6284139383170168,124.55965091735419,48.0,1.0,1.0,-0.002239907022709553,0.0,0.20877613529452935,0.25904112100601195,-0.09963410534718287
uwtig_no_temporal,static,3,0.8181818181818182,1.0,0.9,1.0,1.0,1.0,0.8181818181818182,1.0,0.9,0.6284139383170168,125.26259464250647,48.0,1.0,1.0,-0.003698300517066735,0.0,0.20877613529452935,0.25904112100601195,-0.09213901460300053
uwtig_no_staleness,static,3,0.8181818181818182,1.0,0.9,1.0,1.0,1.0,0.8181818181818182,1.0,0.9,0.4583076745091724,80.6140665050826,48.0,1.0,1.0,-0.002358436626582925,0.0,0.17652914861948665,0.2091717958450317,-0.09879531894459215
uwtig_no_coverage_first,static,3,1.0,0.6666666666666666,0.8,1.0,0.6666666666666666,0.8,1.0,0.6666666666666666,0.8,0.7175172193592209,14.202438661763967,48.0,0.4444444444444444,0.6666666666666666,-0.0011629791082381539,0.0,0.24455164423094233,0.3054508481706891,nan
uwtig_no_lookahead,static,3,0.8181818181818182,1.0,0.9,1.0,1.0,1.0,0.8181818181818182,1.0,0.9,0.5036693448579308,80.6140665050826,48.0,1.0,1.0,-0.003441830471560817,0.0,0.17652914861948665,0.2165406420826912,-0.09869719240374863
random,uncertain,3,0.8333333333333334,0.8333333333333334,0.8333333333333334,1.0,0.8333333333333334,0.9090909090909091,0.8333333333333334,0.8333333333333334,0.8333333333333334,0.7987038846610931,445.3035277573751,48.0,1.0,1.0,-0.022461556384817487,0.16666666666666666,0.12803214743186642,0.45906097416220043,-0.03451748069668545
isler_nbv,uncertain,3,1.0,0.5,0.6666666666666666,1.0,0.5,0.6666666666666666,1.0,0.5,0.6666666666666666,0.8458911841927669,30.660690154376944,48.0,0.4444444444444444,0.5,0.05824288414147092,0.2,0.19161910630583537,0.4963711868097752,nan
bircher_rhnbv,uncertain,3,1.0,0.5,0.6666666666666666,1.0,0.5,0.6666666666666666,1.0,0.5,0.6666666666666666,0.7563806611724931,47.94398245761614,48.0,0.6666666666666666,0.5,0.020599557224863098,0.0,0.2394035745537746,0.4318424314260483,nan
gatsbi_gtsp,uncertain,3,0.75,1.0,0.8571428571428571,0.8571428571428571,1.0,0.923076923076923,0.6,1.0,0.7499999999999999,0.6728769448940263,125.36432158743057,48.0,1.0,1.0,0.01892231188097925,0.125,0.19400217529857566,0.37470400025104655,-0.07324956064453789
ruckin_ipp,uncertain,3,1.0,1.0,1.0,1.0,1.0,1.0,1.0,1.0,1.0,0.841054652305415,188.05639764694092,48.0,1.0,1.0,0.017998085321398155,0.14285714285714285,0.12353630502568087,0.5095401306947072,nan
alamdari_latency,uncertain,3,0.75,1.0,0.8571428571428571,1.0,1.0,1.0,0.75,1.0,0.8571428571428571,0.6748934329361985,167.7179702988354,48.0,1.0,1.0,0.023556510217649054,0.125,0.20877613529452935,0.3921382868928568,-0.1020799994822798
uwtig,uncertain,3,1.0,1.0,1.0,1.0,1.0,1.0,1.0,1.0,1.0,0.6876814217200846,125.1639364130033,48.0,1.0,1.0,0.022465548717424202,0.0,0.20877613529452935,0.4045636146156876,nan
uwtig_no_uncertainty,uncertain,3,1.0,1.0,1.0,1.0,1.0,1.0,1.0,1.0,1.0,0.6876814217200846,124.55965091735419,48.0,1.0,1.0,0.024063411611753713,0.0,0.20877613529452935,0.4045636146156876,nan
uwtig_no_temporal,uncertain,3,1.0,1.0,1.0,1.0,1.0,1.0,1.0,1.0,1.0,0.6876814217200846,125.1639364130033,48.0,1.0,1.0,0.025823409378290176,0.0,0.20877613529452935,0.4045636146156876,nan
uwtig_no_staleness,uncertain,3,1.0,1.0,1.0,1.0,1.0,1.0,1.0,1.0,1.0,0.5280762275761801,80.6140665050826,48.0,1.0,1.0,0.012614917016034332,0.0,0.17652914861948665,0.3501315944724612,nan
uwtig_no_coverage_first,uncertain,3,1.0,0.5,0.6666666666666666,1.0,0.5,0.6666666666666666,1.0,0.5,0.6666666666666666,0.7563806611724931,13.568124086713201,48.0,0.4444444444444444,0.5,0.021449255086011754,0.0,0.24455164423094233,0.4318424314260483,nan
uwtig_no_lookahead,uncertain,3,1.0,1.0,1.0,1.0,1.0,1.0,1.0,1.0,1.0,0.5280762275761801,80.6140665050826,48.0,1.0,1.0,0.020829529379405444,0.0,0.17652914861948665,0.3501315944724612,nan
random,growing,3,0.0,0.0,0.0,0.0,0.0,0.0,0.0,0.0,0.0,nan,445.3035277573751,48.0,1.0,1.0,0.04367279835157599,0.5,0.12803214743186642,0.3481696546077728,nan
isler_nbv,growing,3,nan,0.0,nan,nan,0.0,nan,nan,0.0,nan,nan,30.660690154376944,48.0,0.4444444444444444,1.0,nan,nan,0.19161910630583537,nan,nan
bircher_rhnbv,growing,3,nan,0.0,nan,nan,0.0,nan,nan,0.0,nan,nan,47.94398245761614,48.0,0.6666666666666666,1.0,nan,nan,0.2394035745537746,nan,nan
gatsbi_gtsp,growing,3,0.0,0.0,0.0,0.0,0.0,0.0,0.0,0.0,0.0,nan,125.36432158743057,48.0,1.0,1.0,0.02726178003921137,1.0,0.19400217529857566,0.37740814685821533,nan
ruckin_ipp,growing,3,nan,0.0,nan,nan,0.0,nan,nan,0.0,nan,nan,141.58065709643233,48.0,1.0,1.0,nan,nan,0.12163459934764546,nan,nan
alamdari_latency,growing,3,0.0,0.0,0.0,0.0,0.0,0.0,0.0,0.0,0.0,nan,167.7179702988354,48.0,1.0,1.0,0.09734941734541637,1.0,0.20877613529452935,0.37740814685821533,nan
uwtig,growing,3,nan,0.0,nan,nan,0.0,nan,nan,0.0,nan,nan,124.55965091735419,48.0,1.0,1.0,nan,nan,0.20877613529452935,nan,nan
uwtig_no_uncertainty,growing,3,nan,0.0,nan,nan,0.0,nan,nan,0.0,nan,nan,124.55965091735419,48.0,1.0,1.0,nan,nan,0.20877613529452935,nan,nan
uwtig_no_temporal,growing,3,nan,0.0,nan,nan,0.0,nan,nan,0.0,nan,nan,124.55965091735419,48.0,1.0,1.0,nan,nan,0.20877613529452935,nan,nan
uwtig_no_staleness,growing,3,nan,0.0,nan,nan,0.0,nan,nan,0.0,nan,nan,80.6140665050826,48.0,1.0,1.0,nan,nan,0.17652914861948665,nan,nan
uwtig_no_coverage_first,growing,3,nan,0.0,nan,nan,0.0,nan,nan,0.0,nan,nan,12.727922061357868,48.0,0.4444444444444444,1.0,nan,nan,0.24455164423094233,nan,nan
uwtig_no_lookahead,growing,3,nan,0.0,nan,nan,0.0,nan,nan,0.0,nan,nan,80.6140665050826,48.0,1.0,1.0,nan,nan,0.17652914861948665,nan,nan
random,multi_defect,3,0.8333333333333334,0.8333333333333334,0.8333333333333334,0.9375,0.8333333333333334,0.8823529411764706,0.6818181818181818,0.8333333333333334,0.7499999999999999,0.8418767322284584,445.3035277573751,48.0,1.0,1.0,0.002623400233600117,0.18181818181818182,0.12803214743186642,0.36472046239809564,-0.08397169473088342
isler_nbv,multi_defect,3,1.0,0.5,0.6666666666666666,1.0,0.5,0.6666666666666666,0.5,0.5,0.5,0.7775119834943416,30.660690154376944,48.0,0.4444444444444444,0.5,-0.0009216995490914608,0.14285714285714285,0.19161910630583537,0.33766676068305973,nan
bircher_rhnbv,multi_defect,3,1.0,0.8333333333333334,0.9090909090909091,1.0,0.8333333333333334,0.9090909090909091,0.5555555555555556,0.8333333333333334,0.6666666666666667,0.8292126779746506,47.94398245761614,48.0,0.6666666666666666,0.8333333333333334,-0.0038783001110802473,0.0,0.2394035745537746,0.3593376437202096,nan
gatsbi_gtsp,multi_defect,3,0.8571428571428571,1.0,0.923076923076923,0.9473684210526315,1.0,0.972972972972973,0.75,1.0,0.8571428571428571,0.7979217615120958,125.36432158743057,48.0,1.0,1.0,-0.004188983752913835,0.07692307692307693,0.19400217529857566,0.3489101409912109,-0.13692395116008887
ruckin_ipp,multi_defect,3,1.0,1.0,1.0,1.0,1.0,1.0,0.75,1.0,0.8571428571428571,0.9191393034062364,151.63025144654515,48.0,1.0,1.0,-0.009417466716722599,0.14285714285714285,0.12505702865079157,0.29497994995508037,nan
alamdari_latency,multi_defect,3,0.8571428571428571,1.0,0.923076923076923,0.9473684210526315,1.0,0.972972972972973,0.6666666666666666,1.0,0.8,0.7795739415731701,167.7179702988354,48.0,1.0,1.0,-0.0007364703082662541,0.0,0.20877613529452935,0.3465753197669983,-0.09908005367300954
uwtig,multi_defect,3,1.0,1.0,1.0,1.0,1.0,1.0,0.75,1.0,0.8571428571428571,0.793052470442019,124.55965091735419,48.0,1.0,1.0,-0.002121711717229503,0.0,0.20877613529452935,0.3662609343345348,nan
uwtig_no_uncertainty,multi_defect,3,1.0,1.0,1.0,1.0,1.0,1.0,0.75,1.0,0.8571428571428571,0.793052470442019,124.55965091735419,48.0,1.0,1.0,-0.0025473780699098083,0.0,0.20877613529452935,0.3662609343345348,nan
uwtig_no_temporal,multi_defect,3,1.0,1.0,1.0,1.0,1.0,1.0,0.75,1.0,0.8571428571428571,0.793052470442019,124.55965091735419,48.0,1.0,1.0,0.0003418906258687165,0.0,0.20877613529452935,0.3662609343345348,nan
uwtig_no_staleness,multi_defect,3,1.0,1.0,1.0,1.0,1.0,1.0,0.8571428571428571,1.0,0.923076923076923,0.7534898399957719,80.6140665050826,48.0,1.0,1.0,-0.004968330912882634,0.0,0.17652914861948665,0.3663843174775442,nan
uwtig_no_coverage_first,multi_defect,3,1.0,0.5,0.6666666666666666,1.0,0.5,0.6666666666666666,0.42857142857142855,0.5,0.4615384615384615,0.8069180088628484,12.796551211459391,48.0,0.4444444444444444,0.5,-0.002509967078607161,0.0,0.24455164423094233,0.3506093807518482,nan
uwtig_no_lookahead,multi_defect,3,1.0,1.0,1.0,1.0,1.0,1.0,0.8571428571428571,1.0,0.923076923076923,0.7450645482246929,80.6140665050826,48.0,1.0,1.0,0.0036400964417779716,0.0,0.17652914861948665,0.36938284585873293,nan
random,static,4,0.6666666666666666,0.8888888888888888,0.761904761904762,1.0,0.8888888888888888,0.9411764705882353,0.5714285714285714,0.8888888888888888,0.6956521739130435,1.4486344822666193,406.1998904887615,48.0,1.0,1.0,-0.001932863272330318,0.5,0.1472017433950524,0.27452888614252996,-0.12779694781514653
isler_nbv,static,4,0.6666666666666666,0.6666666666666666,0.6666666666666666,0.75,0.6666666666666666,0.7058823529411765,0.5454545454545454,0.6666666666666666,0.6,1.4154248813576695,30.660690154376944,48.0,0.4444444444444444,0.6666666666666666,0.0019966106686118944,0.3684210526315789,0.19161910630583537,0.3030417380125626,-0.1077639734304584
bircher_rhnbv,static,4,1.0,0.6666666666666666,0.8,1.0,0.6666666666666666,0.8,1.0,0.6666666666666666,0.8,1.48914427392897,47.94398245761614,48.0,0.6666666666666666,1.0,0.009485742459443398,0.0,0.2394035745537746,0.30775656137201524,nan
gatsbi_gtsp,static,4,0.5,0.6666666666666666,0.5714285714285715,0.6666666666666666,0.6666666666666666,0.6666666666666666,0.2857142857142857,0.6666666666666666,0.4,1.2651562378918664,125.36432158743057,48.0,1.0,1.0,-0.009887609972440991,0.0,0.19400217529857566,0.29371126022255206,-0.14933070996590114
ruckin_ipp,static,4,1.0,1.0,1.0,1.0,0.7777777777777778,0.8750000000000001,1.0,1.0,1.0,1.157953273002794,147.47771337128003,48.0,1.0,1.0,-0.004218271924276651,0.1111111111111111,0.12505702865079157,0.29454885777972994,nan
alamdari_latency,static,4,0.6666666666666666,0.6666666666666666,0.6666666666666666,0.8571428571428571,0.6666666666666666,0.75,0.5,0.6666666666666666,0.5714285714285715,1.4264276238385807,167.7179702988354,48.0,1.0,1.0,-0.00493134516329605,0.0,0.20877613529452935,0.30207845026796515,-0.13878759687171155
uwtig,static,4,1.0,0.6666666666666666,0.8,1.0,0.6666666666666666,0.8,1.0,0.6666666666666666,0.8,1.3323526487029975,126.11112277993033,48.0,1.0,1.0,-0.008395223274607792,0.0,0.21065934137629258,0.2925730074445406,nan
uwtig_no_uncertainty,static,4,1.0,0.6666666666666666,0.8,1.0,0.6666666666666666,0.8,1.0,0.6666666666666666,0.8,1.4264276238385807,124.55965091735419,48.0,1.0,1.0,0.01727899166464026,0.0,0.20877613529452935,0.3016831398010254,nan
uwtig_no_temporal,static,4,1.0,0.6666666666666666,0.8,1.0,0.6666666666666666,0.8,1.0,0.6666666666666666,0.8,1.3323526487029975,126.11112277993033,48.0,1.0,1.0,0.00906203201896984,0.0,0.21065934137629258,0.2925730074445406,nan
uwtig_no_staleness,static,4,1.0,0.6666666666666666,0.8,1.0,0.6666666666666666,0.8,1.0,0.6666666666666666,0.8,1.4264276238385807,80.6140665050826,48.0,1.0,1.0,-0.0034810512377799253,0.0,0.17652914861948665,0.3016831398010254,nan
uwtig_no_coverage_first,static,4,1.0,0.6666666666666666,0.8,1.0,0.6666666666666666,0.8,1.0,0.6666666666666666,0.8,1.426427623838581,14.202438661763964,48.0,0.4444444444444444,0.6666666666666666,0.0036312480815969992,0.0,0.24455164423094233,0.3016831398010254,nan
uwtig_no_lookahead,static,4,1.0,0.6666666666666666,0.8,1.0,0.6666666666666666,0.8,1.0,0.6666666666666666,0.8,1.3075960762988963,108.21406650508263,48.0,1.0,1.0,-0.0002612367854541192,0.0,0.18715891898557743,0.29017560419283417,nan
random,uncertain,4,0.8333333333333334,0.8333333333333334,0.8333333333333334,1.0,0.8333333333333334,0.9090909090909091,0.38461538461538464,0.8333333333333334,0.5263157894736842,0.9251124178083022,406.1998904887615,48.0,1.0,1.0,0.015867949409224452,0.6666666666666666,0.1472017433950524,0.31711019741164315,-0.08154843713954663
isler_nbv,uncertain,4,1.0,0.5,0.6666666666666666,1.0,0.5,0.6666666666666666,0.09090909090909091,0.5,0.15384615384615385,1.093097591507895,30.660690154376944,48.0,0.4444444444444444,0.5,0.009027999753301002,0.0,0.19161910630583537,0.39226049902262505,nan
bircher_rhnbv,uncertain,4,1.0,0.5,0.6666666666666666,1.0,0.5,0.6666666666666666,0.07692307692307693,0.5,0.13333333333333336,0.4768925394763863,47.94398245761614,48.0,0.6666666666666666,0.5,-0.00029597583766022284,0.0,0.2394035745537746,0.3763044774532318,nan
gatsbi_gtsp,uncertain,4,0.6666666666666666,1.0,0.8,0.8571428571428571,1.0,0.923076923076923,0.2222222222222222,1.0,0.3636363636363636,0.4077429486790795,125.36432158743057,48.0,1.0,1.0,-0.00458194420495074,0.0,0.19400217529857566,0.2936828740132161,-0.07444279265752696
ruckin_ipp,uncertain,4,1.0,1.0,1.0,1.0,1.0,1.0,0.25,1.0,0.4,0.9607001601249857,273.5261355207266,48.0,1.0,1.0,0.002359710336398216,0.07692307692307693,0.12429666683823615,0.38109091768662134,nan
alamdari_latency,uncertain,4,1.0,1.0,1.0,1.0,1.0,1.0,0.25,1.0,0.4,0.8387481058417081,167.7179702988354,48.0,1.0,1.0,0.003322123707972068,0.0,0.20877613529452935,0.3465201788478427,nan
uwtig,uncertain,4,1.0,1.0,1.0,1.0,1.0,1.0,0.25,1.0,0.4,0.6615917092155285,125.1639364130033,48.0,1.0,1.0,-0.015128731356218388,0.2222222222222222,0.20877613529452935,0.3563928431934781,nan
uwtig_no_uncertainty,uncertain,4,1.0,1.0,1.0,1.0,1.0,1.0,0.25,1.0,0.4,0.6615917092155285,124.55965091735419,48.0,1.0,1.0,0.007219128019843267,0.2222222222222222,0.20877613529452935,0.3563928431934781,nan
uwtig_no_temporal,uncertain,4,1.0,1.0,1.0,1.0,1.0,1.0,0.25,1.0,0.4,0.6615917092155285,125.1639364130033,48.0,1.0,1.0,-0.01969620357724541,0.2222222222222222,0.20877613529452935,0.3563928431934781,nan
uwtig_no_staleness,uncertain,4,1.0,1.0,1.0,1.0,1.0,1.0,0.4,1.0,0.5714285714285715,0.5808421213820895,80.6140665050826,48.0,1.0,1.0,-0.011059755022116882,0.2222222222222222,0.17652914861948665,0.3323997086948819,nan
uwtig_no_coverage_first,uncertain,4,1.0,0.5,0.6666666666666666,1.0,0.5,0.6666666666666666,0.07692307692307693,0.5,0.13333333333333336,0.4768925394763863,13.49949493661168,48.0,0.4444444444444444,0.5,0.009050166140376875,0.0,0.24455164423094233,0.3763044774532318,nan
uwtig_no_lookahead,uncertain,4,1.0,1.0,1.0,1.0,1.0,1.0,0.4,1.0,0.5714285714285715,0.5808421213820895,80.6140665050826,48.0,1.0,1.0,-0.011462499513426844,0.2222222222222222,0.17652914861948665,0.3323997086948819,nan
random,growing,4,0.0,0.0,0.0,0.0,0.0,0.0,0.0,0.0,0.0,nan,406.1998904887615,48.0,1.0,1.0,-0.011641372580071876,0.6666666666666666,0.1472017433950524,0.3070268511772156,nan
isler_nbv,growing,4,nan,0.0,nan,nan,0.0,nan,nan,0.0,nan,nan,30.660690154376944,48.0,0.4444444444444444,1.0,nan,nan,0.19161910630583537,nan,nan
bircher_rhnbv,growing,4,0.0,0.0,0.0,nan,0.0,nan,0.0,0.0,0.0,nan,47.94398245761614,48.0,0.6666666666666666,1.0,nan,nan,0.2394035745537746,0.2678421139717102,nan
gatsbi_gtsp,growing,4,0.0,0.0,0.0,0.0,0.0,0.0,0.0,0.0,0.0,nan,125.36432158743057,48.0,1.0,1.0,-0.006213403573488804,0.3333333333333333,0.19400217529857566,0.2767726927995682,nan
ruckin_ipp,growing,4,0.0,0.0,0.0,0.0,0.0,0.0,0.0,0.0,0.0,nan,184.7710904853852,48.0,1.0,1.0,-0.009062157356594852,1.0,0.12163459934764546,0.3225062280893326,nan
alamdari_latency,growing,4,0.0,0.0,0.0,nan,0.0,nan,0.0,0.0,0.0,nan,167.7179702988354,48.0,1.0,1.0,0.00910499046925943,0.5,0.20877613529452935,0.2720407247543335,nan
uwtig,growing,4,0.0,0.0,0.0,nan,0.0,nan,0.0,0.0,0.0,nan,124.55965091735419,48.0,1.0,1.0,0.014716352876414429,0.0,0.20877613529452935,0.2678421139717102,nan
uwtig_no_uncertainty,growing,4,0.0,0.0,0.0,nan,0.0,nan,0.0,0.0,0.0,nan,124.55965091735419,48.0,1.0,1.0,0.007752104763939324,0.0,0.20877613529452935,0.2678421139717102,nan
uwtig_no_temporal,growing,4,0.0,0.0,0.0,nan,0.0,nan,0.0,0.0,0.0,nan,124.55965091735419,48.0,1.0,1.0,0.013106171872987599,0.0,0.20877613529452935,0.2678421139717102,nan
uwtig_no_staleness,growing,4,0.0,0.0,0.0,0.0,0.0,0.0,0.0,0.0,0.0,nan,80.6140665050826,48.0,1.0,1.0,-0.0012762488496693425,0.0,0.17652914861948665,0.2678421139717102,nan
uwtig_no_coverage_first,growing,4,nan,0.0,nan,nan,0.0,nan,nan,0.0,nan,nan,12.727922061357868,48.0,0.4444444444444444,1.0,nan,nan,0.24455164423094233,nan,nan
uwtig_no_lookahead,growing,4,0.0,0.0,0.0,0.0,0.0,0.0,0.0,0.0,0.0,nan,80.6140665050826,48.0,1.0,1.0,-0.009598368075155336,0.0,0.17652914861948665,0.2678421139717102,nan
random,multi_defect,4,1.0,0.8333333333333334,0.9090909090909091,1.0,0.8333333333333334,0.9090909090909091,0.3488372093023256,0.8333333333333334,0.4918032786885246,1.14165304259521,406.1998904887615,48.0,1.0,1.0,0.004534359813710357,0.75,0.1472017433950524,0.3215794520718711,nan
isler_nbv,multi_defect,4,1.0,0.5,0.6666666666666666,1.0,0.5,0.6666666666666666,0.5,0.5,0.5,1.3280405890806353,30.660690154376944,48.0,0.4444444444444444,0.5,-0.0046086759514685095,0.2857142857142857,0.19161910630583537,0.3042014730282319,nan
bircher_rhnbv,multi_defect,4,1.0,0.8333333333333334,0.9090909090909091,1.0,0.8333333333333334,0.9090909090909091,0.4166666666666667,0.8333333333333334,0.5555555555555556,1.3367961316665964,47.94398245761614,48.0,0.6666666666666666,0.8333333333333334,-0.0037368610108424976,0.0,0.2394035745537746,0.28836077306328745,nan
gatsbi_gtsp,multi_defect,4,1.0,1.0,1.0,1.0,1.0,1.0,0.42857142857142855,1.0,0.6,0.7534583549638211,125.36432158743057,48.0,1.0,1.0,-0.012499998786780755,0.0,0.19400217529857566,0.3049883650881903,nan
ruckin_ipp,multi_defect,4,1.0,1.0,1.0,1.0,1.0,1.0,0.46153846153846156,1.0,0.631578947368421,0.7595749531646654,204.44008566431324,48.0,1.0,1.0,-0.0014504998271031451,0.2,0.12505702865079157,0.2752590882472503,nan
alamdari_latency,multi_defect,4,1.0,1.0,1.0,1.0,1.0,1.0,0.42857142857142855,1.0,0.6,1.008855245462151,167.7179702988354,48.0,1.0,1.0,-0.005110483548942001,0.0,0.20877613529452935,0.2843597266409132,nan
uwtig,multi_defect,4,1.0,1.0,1.0,1.0,1.0,1.0,0.42857142857142855,1.0,0.6,1.0065990803328182,125.11255127848003,48.0,1.0,1.0,0.005584408105184922,0.0,0.20877613529452935,0.29585778032030374,nan
uwtig_no_uncertainty,multi_defect,4,1.0,1.0,1.0,1.0,1.0,1.0,0.42857142857142855,1.0,0.6,1.0065990803328182,124.55965091735419,48.0,1.0,1.0,0.002098967198969055,0.0,0.20877613529452935,0.29585778032030374,nan
uwtig_no_temporal,multi_defect,4,1.0,1.0,1.0,1.0,1.0,1.0,0.42857142857142855,1.0,0.6,1.0065990803328184,124.87823670342928,48.0,1.0,1.0,0.0032563634615683547,0.0,0.20877613529452935,0.29585778032030374,nan
uwtig_no_staleness,multi_defect,4,1.0,1.0,1.0,1.0,1.0,1.0,0.375,1.0,0.5454545454545454,0.7111501759785293,80.6140665050826,48.0,1.0,1.0,-0.0001572630002588627,0.0,0.17652914861948665,0.31738796664608854,nan
uwtig_no_coverage_first,multi_defect,4,1.0,0.5,0.6666666666666666,1.0,0.5,0.6666666666666666,0.42857142857142855,0.5,0.4615384615384615,1.395792614091814,12.96223663640863,48.0,0.4444444444444444,0.5,-0.0027693153938179635,0.0,0.24455164423094233,0.2879557477103339,nan
uwtig_no_lookahead,multi_defect,4,1.0,1.0,1.0,1.0,1.0,1.0,0.375,1.0,0.5454545454545454,0.7111501759785294,80.6140665050826,48.0,1.0,1.0,-0.01296862553883164,0.0,0.17652914861948665,0.31738796664608854,nan
